<?xml version="1.0" encoding="UTF-8"?>

<!-- Konfigurasjon av arbeidsflyten                                             -->
<!-- Flyten lastes dynamisk runtime                                         -->
<!-- Den kan bestå av flere steps og substeps                                   -->
<!-- Substeps er avhengig av at parent step er fullført                         -->
<!-- Det er pr nå ikke implementert flere handlere, men det er tatt høyde for   -->

<LastverkConfig>
        <WorkFlow>
            <Step   Name="CardBackup"
                    Description="Backup"
                    Handler="Lastverk.BackupHandler" />
            
            <!--<Step   Name="CopyFullResFiles"
                    Description="Kopierer orginalfiler"
                    Handler="Lastverk.CopyOriginalsHandler"/>-->
                    
            <Step Name="TranscodeProxies" Description="Transkoder proxyfiler" Handler="Lastverk.ProresTranscodeHandler"/>
            <!--<Step Name="Transcode264" Description="Transkoder h.264" Handler="Lastverk.h264TranscodeHandler"/>
            <Step Name="Transcode265" Description="Transkoder h.265" Handler="Lastverk.h265TranscodeHandler"/>
                        
                        <Step Name="SendToFrameiIO" Description="Laster opp til FrameIO" Handler="Lastverk.FrameIOHandler"/>
                        <Step Name="SendToSkvalder" Description="Sender til transkribering" Handler="Lastverk.SkvalderTranscribeHandler"/>
                        
                    </Step>
            </Step>-->
            
            <!--<Step   Name="ImportToProject" Description="Lager råstoffprosjekt i Adobe Production" Handler="Lastverk.PremiereImportHandler"/>
            
            <Messenger>
                    <Slack Channel="#ikke_implementert" Enabled="False"/>
            </Messenger>-->
        </WorkFlow>
</LastverkConfig>

